{
	"BUILD_DIR" : "C:/Users/susci/Desktop/UniAssignments/2nd sem/OOP/untitled1/cmake-build-release/untitled1_autogen",
	"CMAKE_BINARY_DIR" : "C:/Users/susci/Desktop/UniAssignments/2nd sem/OOP/untitled1/cmake-build-release",
	"CMAKE_CURRENT_BINARY_DIR" : "C:/Users/susci/Desktop/UniAssignments/2nd sem/OOP/untitled1/cmake-build-release",
	"CMAKE_CURRENT_SOURCE_DIR" : "C:/Users/susci/Desktop/UniAssignments/2nd sem/OOP/untitled1",
	"CMAKE_EXECUTABLE" : "C:/Program Files/JetBrains/CLion 2020.3.3/bin/cmake/win/bin/cmake.exe",
	"CMAKE_LIST_FILES" : 
	[
		"C:/Users/susci/Desktop/UniAssignments/2nd sem/OOP/untitled1/CMakeLists.txt",
		"C:/Users/susci/Desktop/UniAssignments/2nd sem/OOP/untitled1/cmake-build-release/CMakeFiles/3.17.5/CMakeSystem.cmake",
		"C:/Program Files/JetBrains/CLion 2020.3.3/bin/cmake/win/share/cmake-3.17/Modules/CMakeSystemSpecificInitialize.cmake",
		"C:/Users/susci/Desktop/UniAssignments/2nd sem/OOP/untitled1/cmake-build-release/CMakeFiles/3.17.5/CMakeCCompiler.cmake",
		"C:/Users/susci/Desktop/UniAssignments/2nd sem/OOP/untitled1/cmake-build-release/CMakeFiles/3.17.5/CMakeCXXCompiler.cmake",
		"C:/Program Files/JetBrains/CLion 2020.3.3/bin/cmake/win/share/cmake-3.17/Modules/CMakeSystemSpecificInformation.cmake",
		"C:/Program Files/JetBrains/CLion 2020.3.3/bin/cmake/win/share/cmake-3.17/Modules/CMakeGenericSystem.cmake",
		"C:/Program Files/JetBrains/CLion 2020.3.3/bin/cmake/win/share/cmake-3.17/Modules/CMakeInitializeConfigs.cmake",
		"C:/Program Files/JetBrains/CLion 2020.3.3/bin/cmake/win/share/cmake-3.17/Modules/Platform/Windows.cmake",
		"C:/Program Files/JetBrains/CLion 2020.3.3/bin/cmake/win/share/cmake-3.17/Modules/Platform/WindowsPaths.cmake",
		"C:/Program Files/JetBrains/CLion 2020.3.3/bin/cmake/win/share/cmake-3.17/Modules/CMakeFindCodeBlocks.cmake",
		"C:/Program Files/JetBrains/CLion 2020.3.3/bin/cmake/win/share/cmake-3.17/Modules/CMakeExtraGeneratorDetermineCompilerMacrosAndIncludeDirs.cmake",
		"C:/Program Files/JetBrains/CLion 2020.3.3/bin/cmake/win/share/cmake-3.17/Modules/ProcessorCount.cmake",
		"C:/Program Files/JetBrains/CLion 2020.3.3/bin/cmake/win/share/cmake-3.17/Modules/CMakeCInformation.cmake",
		"C:/Program Files/JetBrains/CLion 2020.3.3/bin/cmake/win/share/cmake-3.17/Modules/CMakeLanguageInformation.cmake",
		"C:/Program Files/JetBrains/CLion 2020.3.3/bin/cmake/win/share/cmake-3.17/Modules/Compiler/GNU-C.cmake",
		"C:/Program Files/JetBrains/CLion 2020.3.3/bin/cmake/win/share/cmake-3.17/Modules/Compiler/GNU.cmake",
		"C:/Program Files/JetBrains/CLion 2020.3.3/bin/cmake/win/share/cmake-3.17/Modules/Compiler/CMakeCommonCompilerMacros.cmake",
		"C:/Program Files/JetBrains/CLion 2020.3.3/bin/cmake/win/share/cmake-3.17/Modules/Internal/CMakeCheckCompilerFlag.cmake",
		"C:/Program Files/JetBrains/CLion 2020.3.3/bin/cmake/win/share/cmake-3.17/Modules/CMakeCheckCompilerFlagCommonPatterns.cmake",
		"C:/Program Files/JetBrains/CLion 2020.3.3/bin/cmake/win/share/cmake-3.17/Modules/Platform/Windows-GNU-C.cmake",
		"C:/Program Files/JetBrains/CLion 2020.3.3/bin/cmake/win/share/cmake-3.17/Modules/Platform/Windows-GNU.cmake",
		"C:/Users/susci/Desktop/UniAssignments/2nd sem/OOP/untitled1/cmake-build-release/CMakeFiles/3.17.5/CMakeRCCompiler.cmake",
		"C:/Program Files/JetBrains/CLion 2020.3.3/bin/cmake/win/share/cmake-3.17/Modules/CMakeRCInformation.cmake",
		"C:/Program Files/JetBrains/CLion 2020.3.3/bin/cmake/win/share/cmake-3.17/Modules/Platform/Windows-windres.cmake",
		"C:/Program Files/JetBrains/CLion 2020.3.3/bin/cmake/win/share/cmake-3.17/Modules/Platform/Windows-GNU-C-ABI.cmake",
		"C:/Program Files/JetBrains/CLion 2020.3.3/bin/cmake/win/share/cmake-3.17/Modules/CMakeCommonLanguageInclude.cmake",
		"C:/Program Files/JetBrains/CLion 2020.3.3/bin/cmake/win/share/cmake-3.17/Modules/CMakeCXXInformation.cmake",
		"C:/Program Files/JetBrains/CLion 2020.3.3/bin/cmake/win/share/cmake-3.17/Modules/CMakeLanguageInformation.cmake",
		"C:/Program Files/JetBrains/CLion 2020.3.3/bin/cmake/win/share/cmake-3.17/Modules/Compiler/GNU-CXX.cmake",
		"C:/Program Files/JetBrains/CLion 2020.3.3/bin/cmake/win/share/cmake-3.17/Modules/Compiler/GNU.cmake",
		"C:/Program Files/JetBrains/CLion 2020.3.3/bin/cmake/win/share/cmake-3.17/Modules/Platform/Windows-GNU-CXX.cmake",
		"C:/Program Files/JetBrains/CLion 2020.3.3/bin/cmake/win/share/cmake-3.17/Modules/Platform/Windows-GNU.cmake",
		"C:/Program Files/JetBrains/CLion 2020.3.3/bin/cmake/win/share/cmake-3.17/Modules/Platform/Windows-GNU-CXX-ABI.cmake",
		"C:/Program Files/JetBrains/CLion 2020.3.3/bin/cmake/win/share/cmake-3.17/Modules/CMakeCommonLanguageInclude.cmake",
		"C:/Qt/5.15.2/mingw81_64/lib/cmake/Qt5/Qt5ConfigVersion.cmake",
		"C:/Qt/5.15.2/mingw81_64/lib/cmake/Qt5/Qt5Config.cmake",
		"C:/Qt/5.15.2/mingw81_64/lib/cmake/Qt5/Qt5ModuleLocation.cmake",
		"C:/Qt/5.15.2/mingw81_64/lib/cmake/Qt5Core/Qt5CoreConfigVersion.cmake",
		"C:/Qt/5.15.2/mingw81_64/lib/cmake/Qt5Core/Qt5CoreConfig.cmake",
		"C:/Qt/5.15.2/mingw81_64/lib/cmake/Qt5Core/Qt5CoreConfigExtras.cmake",
		"C:/Qt/5.15.2/mingw81_64/lib/cmake/Qt5Core/Qt5CoreConfigExtrasMkspecDir.cmake",
		"C:/Qt/5.15.2/mingw81_64/lib/cmake/Qt5Core/Qt5CoreMacros.cmake",
		"C:/Program Files/JetBrains/CLion 2020.3.3/bin/cmake/win/share/cmake-3.17/Modules/CMakeParseArguments.cmake",
		"C:/Qt/5.15.2/mingw81_64/lib/cmake/Qt5Gui/Qt5GuiConfigVersion.cmake",
		"C:/Qt/5.15.2/mingw81_64/lib/cmake/Qt5Gui/Qt5GuiConfig.cmake",
		"C:/Qt/5.15.2/mingw81_64/lib/cmake/Qt5Gui/Qt5Gui_QGifPlugin.cmake",
		"C:/Qt/5.15.2/mingw81_64/lib/cmake/Qt5Gui/Qt5Gui_QICNSPlugin.cmake",
		"C:/Qt/5.15.2/mingw81_64/lib/cmake/Qt5Gui/Qt5Gui_QICOPlugin.cmake",
		"C:/Qt/5.15.2/mingw81_64/lib/cmake/Qt5Gui/Qt5Gui_QJpegPlugin.cmake",
		"C:/Qt/5.15.2/mingw81_64/lib/cmake/Qt5Gui/Qt5Gui_QMinimalIntegrationPlugin.cmake",
		"C:/Qt/5.15.2/mingw81_64/lib/cmake/Qt5Gui/Qt5Gui_QOffscreenIntegrationPlugin.cmake",
		"C:/Qt/5.15.2/mingw81_64/lib/cmake/Qt5Gui/Qt5Gui_QSvgIconPlugin.cmake",
		"C:/Qt/5.15.2/mingw81_64/lib/cmake/Qt5Gui/Qt5Gui_QSvgPlugin.cmake",
		"C:/Qt/5.15.2/mingw81_64/lib/cmake/Qt5Gui/Qt5Gui_QTgaPlugin.cmake",
		"C:/Qt/5.15.2/mingw81_64/lib/cmake/Qt5Gui/Qt5Gui_QTiffPlugin.cmake",
		"C:/Qt/5.15.2/mingw81_64/lib/cmake/Qt5Gui/Qt5Gui_QTuioTouchPlugin.cmake",
		"C:/Qt/5.15.2/mingw81_64/lib/cmake/Qt5Gui/Qt5Gui_QWbmpPlugin.cmake",
		"C:/Qt/5.15.2/mingw81_64/lib/cmake/Qt5Gui/Qt5Gui_QWebpPlugin.cmake",
		"C:/Qt/5.15.2/mingw81_64/lib/cmake/Qt5Gui/Qt5Gui_QWindowsDirect2DIntegrationPlugin.cmake",
		"C:/Qt/5.15.2/mingw81_64/lib/cmake/Qt5Gui/Qt5Gui_QWindowsIntegrationPlugin.cmake",
		"C:/Qt/5.15.2/mingw81_64/lib/cmake/Qt5Gui/Qt5Gui_QXdgDesktopPortalThemePlugin.cmake",
		"C:/Qt/5.15.2/mingw81_64/lib/cmake/Qt5Gui/Qt5GuiConfigExtras.cmake",
		"C:/Qt/5.15.2/mingw81_64/lib/cmake/Qt5Widgets/Qt5WidgetsConfigVersion.cmake",
		"C:/Qt/5.15.2/mingw81_64/lib/cmake/Qt5Widgets/Qt5WidgetsConfig.cmake",
		"C:/Qt/5.15.2/mingw81_64/lib/cmake/Qt5Widgets/Qt5Widgets_QWindowsVistaStylePlugin.cmake",
		"C:/Qt/5.15.2/mingw81_64/lib/cmake/Qt5Widgets/Qt5WidgetsConfigExtras.cmake",
		"C:/Qt/5.15.2/mingw81_64/lib/cmake/Qt5Widgets/Qt5WidgetsMacros.cmake",
		"C:/Program Files/JetBrains/CLion 2020.3.3/bin/cmake/win/share/cmake-3.17/Modules/CMakeParseArguments.cmake"
	],
	"CMAKE_SOURCE_DIR" : "C:/Users/susci/Desktop/UniAssignments/2nd sem/OOP/untitled1",
	"DEP_FILE" : "",
	"DEP_FILE_RULE_NAME" : "",
	"HEADERS" : 
	[
		[
			"C:/Users/susci/Desktop/UniAssignments/2nd sem/OOP/untitled1/GUI.h",
			"MU",
			"EWIEGA46WW/moc_GUI.cpp"
		],
		[
			"C:/Users/susci/Desktop/UniAssignments/2nd sem/OOP/untitled1/Repo.h",
			"MU",
			"EWIEGA46WW/moc_Repo.cpp"
		],
		[
			"C:/Users/susci/Desktop/UniAssignments/2nd sem/OOP/untitled1/Service.h",
			"MU",
			"EWIEGA46WW/moc_Service.cpp"
		],
		[
			"C:/Users/susci/Desktop/UniAssignments/2nd sem/OOP/untitled1/TimeInterval.h",
			"MU",
			"EWIEGA46WW/moc_TimeInterval.cpp"
		]
	],
	"HEADER_EXTENSIONS" : [ "h", "hh", "h++", "hm", "hpp", "hxx", "in", "txx" ],
	"INCLUDE_DIR" : "C:/Users/susci/Desktop/UniAssignments/2nd sem/OOP/untitled1/cmake-build-release/untitled1_autogen/include",
	"MOC_COMPILATION_FILE" : "C:/Users/susci/Desktop/UniAssignments/2nd sem/OOP/untitled1/cmake-build-release/untitled1_autogen/mocs_compilation.cpp",
	"MOC_DEFINITIONS" : [ "QT_CORE_LIB", "QT_GUI_LIB", "QT_NO_DEBUG", "QT_WIDGETS_LIB" ],
	"MOC_DEPEND_FILTERS" : 
	[
		[
			"Q_PLUGIN_METADATA",
			"[\n][ \t]*Q_PLUGIN_METADATA[ \t]*\\([^\\)]*FILE[ \t]*\"([^\"]+)\""
		]
	],
	"MOC_INCLUDES" : 
	[
		"C:/Qt/5.15.2/mingw81_64/include",
		"C:/Qt/5.15.2/mingw81_64/include/QtCore",
		"C:/Qt/5.15.2/mingw81_64/mkspecs/win32-g++",
		"C:/Qt/5.15.2/mingw81_64/include/QtGui",
		"C:/Qt/5.15.2/mingw81_64/include/QtANGLE",
		"C:/Qt/5.15.2/mingw81_64/include/QtWidgets",
		"C:/Program Files/mingw-w64/x86_64-8.1.0-posix-seh-rt_v6-rev0/mingw64/lib/gcc/x86_64-w64-mingw32/8.1.0/include/c++",
		"C:/Program Files/mingw-w64/x86_64-8.1.0-posix-seh-rt_v6-rev0/mingw64/lib/gcc/x86_64-w64-mingw32/8.1.0/include/c++/x86_64-w64-mingw32",
		"C:/Program Files/mingw-w64/x86_64-8.1.0-posix-seh-rt_v6-rev0/mingw64/lib/gcc/x86_64-w64-mingw32/8.1.0/include/c++/backward",
		"C:/Program Files/mingw-w64/x86_64-8.1.0-posix-seh-rt_v6-rev0/mingw64/lib/gcc/x86_64-w64-mingw32/8.1.0/include",
		"C:/Program Files/mingw-w64/x86_64-8.1.0-posix-seh-rt_v6-rev0/mingw64/lib/gcc/x86_64-w64-mingw32/8.1.0/include-fixed",
		"C:/Program Files/mingw-w64/x86_64-8.1.0-posix-seh-rt_v6-rev0/mingw64/x86_64-w64-mingw32/include"
	],
	"MOC_MACRO_NAMES" : [ "Q_OBJECT", "Q_GADGET", "Q_NAMESPACE", "Q_NAMESPACE_EXPORT" ],
	"MOC_OPTIONS" : [],
	"MOC_PATH_PREFIX" : false,
	"MOC_PREDEFS_CMD" : 
	[
		"C:/Program Files/mingw-w64/x86_64-8.1.0-posix-seh-rt_v6-rev0/mingw64/bin/g++.exe",
		"-dM",
		"-E",
		"-c",
		"C:/Program Files/JetBrains/CLion 2020.3.3/bin/cmake/win/share/cmake-3.17/Modules/CMakeCXXCompilerABI.cpp"
	],
	"MOC_PREDEFS_FILE" : "C:/Users/susci/Desktop/UniAssignments/2nd sem/OOP/untitled1/cmake-build-release/untitled1_autogen/moc_predefs.h",
	"MOC_RELAXED_MODE" : false,
	"MOC_SKIP" : [],
	"MULTI_CONFIG" : false,
	"PARALLEL" : 2,
	"PARSE_CACHE_FILE" : "C:/Users/susci/Desktop/UniAssignments/2nd sem/OOP/untitled1/cmake-build-release/CMakeFiles/untitled1_autogen.dir/ParseCache.txt",
	"QT_MOC_EXECUTABLE" : "C:/Qt/5.15.2/mingw81_64/bin/moc.exe",
	"QT_UIC_EXECUTABLE" : "C:/Qt/5.15.2/mingw81_64/bin/uic.exe",
	"QT_VERSION_MAJOR" : 5,
	"QT_VERSION_MINOR" : 15,
	"SETTINGS_FILE" : "C:/Users/susci/Desktop/UniAssignments/2nd sem/OOP/untitled1/cmake-build-release/CMakeFiles/untitled1_autogen.dir/AutogenUsed.txt",
	"SOURCES" : 
	[
		[
			"C:/Users/susci/Desktop/UniAssignments/2nd sem/OOP/untitled1/GUI.cpp",
			"MU"
		],
		[
			"C:/Users/susci/Desktop/UniAssignments/2nd sem/OOP/untitled1/Repo.cpp",
			"MU"
		],
		[
			"C:/Users/susci/Desktop/UniAssignments/2nd sem/OOP/untitled1/Service.cpp",
			"MU"
		],
		[
			"C:/Users/susci/Desktop/UniAssignments/2nd sem/OOP/untitled1/TimeInterval.cpp",
			"MU"
		],
		[
			"C:/Users/susci/Desktop/UniAssignments/2nd sem/OOP/untitled1/main.cpp",
			"MU"
		]
	],
	"UIC_OPTIONS" : [],
	"UIC_SEARCH_PATHS" : [],
	"UIC_SKIP" : [],
	"UIC_UI_FILES" : [],
	"VERBOSITY" : 0
}
